{"cameraMode":{"drawMode":0,"name":"Shaded","section":"Shading Mode"},"sceneLighting":true,"audioPlay":false,"sceneViewState":{"m_AlwaysRefresh":true,"showFog":true,"showSkybox":true,"showFlares":true,"showImageEffects":true,"showParticleSystems":true,"showVisualEffectGraphs":true,"m_FxEnabled":true},"in2DMode":false,"pivot":{"x":4.5803914070129398,"y":0.33478716015815737,"z":-0.5596996545791626},"rotation":{"x":0.057464081794023517,"y":0.005853750742971897,"z":0.0045675113797187809,"w":0.9973516464233398},"size":0.9117007851600647,"orthographic":false}