{"cameraMode":{"drawMode":0,"name":"Shaded","section":"Shading Mode"},"sceneLighting":true,"audioPlay":false,"sceneViewState":{"m_AlwaysRefresh":true,"showFog":true,"showSkybox":true,"showFlares":true,"showImageEffects":true,"showParticleSystems":true,"showVisualEffectGraphs":true,"m_FxEnabled":true},"in2DMode":false,"pivot":{"x":7.9335832595825199,"y":-0.0953819751739502,"z":-0.16914153099060059},"rotation":{"x":0.07990739494562149,"y":-0.5972766876220703,"z":0.06459548324346543,"w":0.7944088578224182},"size":0.9117007851600647,"orthographic":false}